<?xml version="1.0" encoding="UTF-8"?>
<beans xmlns="http://www.springframework.org/schema/beans"
	xmlns:xsi="http://www.w3.org/2001/XMLSchema-instance"
	xsi:schemaLocation="http://www.springframework.org/schema/beans
           http://www.springframework.org/schema/beans/spring-beans.xsd">

	<bean scope="prototype" class="springcore.FisAddress" id="address">
		<constructor-arg value="145" />
		<constructor-arg value="Chanda Nagar" />
		<constructor-arg value="Hyderabad" />
	</bean>
<bean scope="prototype" class="springcore.GlobalPerson" id="gp" autowire="byType"
init-method="initMethod" destroy-method="destroyMethod">
	<property name="name" value="Satish" />
	
</bean>
	
</beans>